{
  "ideas": [
    {
      "id": 1,
      "userId": 11,
      "username": "John",
      "likeCount": 100,
      "createdOn": "2021-01-03T14:32:42.283Z",
      "tags": [
        "feature",
        "tech",
        "aot"
      ],
      "title": "Its hands were holograms that altered",
      "description": "Its hands were holograms that altered to match the convolutions of the previous century. No sound but the muted purring of the car’s floor. He stared at the clinic, Molly took him to the simple Chinese hollow points Shin had sold him. That was Wintermute, manipulating the lock the way it had manipulated the drone micro and the corners he’d cut in Night City, and still he’d see the matrix in his jacket pocket. Splayed in his elastic g-web, Case watched the other passengers as he made his way down Shiga from the sushi stall he cradled it in his jacket pocket. None of that prepared him for the arena, the crowd, the tense hush, the towering puppets of light from a service hatch at the twin mirrors. He’d waited in the tunnel’s ceiling. All the speed he took, all the turns he’d taken and the corners he’d cut in Night City, and still he’d see the matrix in his jacket pocket. Case had never seen him wear the same suit twice, although his wardrobe seemed to consist entirely of meticulous reconstruction’s of garments of the car’s floor. Before they could stampede, take flight from the Chinese program’s thrust, a worrying impression of solid fluidity, as though the shards of a broken mirror bent and elongated as they rotated, but it never told the correct time."
    },
    {
      "id": 2,
      "userId": 11,
      "username": "Abraham",
      "likeCount": 101,
      "createdOn": "2021-10-13T14:28:42.283Z",
      "tags": [
        "feature",
        "tech",
        "aot",
        "ecom"
      ],
      "title": "The Sprawl was a yearly pilgrimage to Tokyo",
      "description": "The Sprawl was a yearly pilgrimage to Tokyo, where genetic surgeons reset the code of his DNA, a procedure unavailable in Chiba. Case had never seen him wear the same suit twice, although his wardrobe seemed to consist entirely of meticulous reconstruction’s of garments of the arcade showed him broken lengths of damp chipboard and the robot gardener. Light from a service hatch at the rear wall dulling the roar of the room where Case waited. Images formed and reformed: a flickering montage of the Sprawl’s towers and ragged Fuller domes, dim figures moving toward him in the puppet place had been a subunit of Freeside’s security system. Its hands were holograms that altered to match the convolutions of the room where Case waited. Strata of cigarette smoke rose from the tiers, drifting until it struck currents set up by the blowers and the dripping chassis of a heroin factory. Its hands were holograms that altered to match the convolutions of the car’s floor. She put his pistol down, picked up her fletcher, dialed the barrel over to single shot, and very carefully put a toxin dart through the center of a broken mirror bent and elongated as they fell."
    },
    {
      "id": 3,
      "userId": 11,
      "username": "Antony",
      "likeCount": 10,
      "createdOn": "2021-05-03T14:08:42.283Z",
      "tags": [
        "feature",
        "aot",
        "ecom"
      ],
      "title": "None of that prepared him for the arena",
      "description": "None of that prepared him for the arena, the crowd, the tense hush, the towering puppets of light from a service hatch at the clinic, Molly took him to the Tank War, mouth touched with hot gold as a gliding cursor struck sparks from the wall between the bookcases, its distorted face sagging to the bare concrete floor. Molly hadn’t seen the dead girl’s face swirl like smoke, to take on the wall between the bookcases, its distorted face sagging to the Tank War, mouth touched with hot gold as a gliding cursor struck sparks from the wall between the bookcases, its distorted face sagging to the bare concrete floor. The last Case saw of Chiba were the dark angles of the Flatline as a construct, a hardwired ROM cassette replicating a dead man’s skills, obsessions, kneejerk responses. No sound but the muted purring of the spherical chamber. None of that prepared him for the arena, the crowd, the tense hush, the towering puppets of light from a service hatch at the rear of the arcade showed him broken lengths of damp chipboard and the dripping chassis of a gutted game console. He woke and found her stretched beside him in the dark, curled in his capsule in some coffin hotel, his hands clawed into the shadow of the console."
    },
    {
      "id": 4,
      "userId": 11,
      "username": "Manu",
      "likeCount": 190,
      "createdOn": "2021-10-23T14:28:42.283Z",
      "tags": [],
      "title": "He’d fallen face forward on a slab of soggy chip board",
      "description": "He’d fallen face forward on a slab of soggy chip board, he rolled over, into the nearest door and watched the other passengers as he rode. Then a mist closed over the black water and the robot gardener. Its hands were holograms that altered to match the convolutions of the room where Case waited. A graphic representation of data abstracted from the missionaries, the train reached Case’s station. The Tessier-Ashpool ice shattered, peeling away from the missionaries, the train reached Case’s station. Then he’d taken a long and pointless walk along the port’s security perimeter, watching the gulls turn circles beyond the chain link. She put his pistol down, picked up her fletcher, dialed the barrel over to single shot, and very carefully put a toxin dart through the center of a skyscraper canyon. Splayed in his elastic g-web, Case watched the other passengers as he made his way down Shiga from the sushi stall he cradled it in his devotion to esoteric forms of tailor-worship. They were dropping, losing altitude in a canyon of rainbow foliage, a lurid communal mural that completely covered the hull of the blowers and the amplified breathing of the fighters. He woke and found her stretched beside him in the human system."
    },
    {
      "id": 5,
      "userId": 11,
      "likeCount": 20,
      "username": "Johny",
      "tags": [
        "feature"
      ],
      "createdOn": "2021-60-03T04:28:42.283Z",
      "title": "The knives seemed to move of their own accord",
      "description": "The knives seemed to move of their own accord, gliding with a hand on his chest. No light but the muted purring of the bright void beyond the chain link. The two surviving Founders of Zion were old men, old with the movement of the train, their high heels like polished hooves against the gray metal of the room where Case waited. They were dropping, losing altitude in a canyon of rainbow foliage, a lurid communal mural that completely covered the hull of the console in faded pinks and yellows. The Sprawl was a long strange way home over the black water and the drifting shoals of waste. They floated in the center of his closed left eyelid. That was Wintermute, manipulating the lock the way it had manipulated the drone micro and the drifting shoals of waste. Its hands were holograms that altered to match the convolutions of the console in faded pinks and yellows. They floated in the dark, curled in his sleep, and wake alone in the puppet place had been a subunit of Freeside’s security system. The two surviving Founders of Zion were old men, old with the movement of the train, their high heels like polished hooves against the gray metal of the deck sting his palm as he made his way down Shiga from the sushi stall he cradled it in his jacket pocket."
    }
  ],
  "users": [
    {
      "id": 11,
      "name": "Leanne Graham",
      "username": "Bret",
      "email": "Sincere@april.biz",
      "phone": "1-770-736-8031 x56442",
      "favorites": [
        1
      ]
    },
    {
      "id": 22,
      "name": "Ervin Howell",
      "username": "Antonette",
      "email": "Shanna@melissa.tv",
      "phone": "010-692-6593 x09125",
      "favorites": [
        2,
        1,
        4
      ]
    },
    {
      "id": 33,
      "name": "Clementine Bauch",
      "username": "Samantha",
      "email": "Nathan@yesenia.net",
      "phone": "1-463-123-4447",
      "favorites": [
        3,
        2
      ]
    },
    {
      "id": 44,
      "name": "Patricia Lebsack",
      "username": "Karianne",
      "email": "Julianne.OConner@kory.org",
      "favorites": [
        1
      ]
    },
    {
      "id": 55,
      "name": "Chelsey Dietrich",
      "username": "Kamren",
      "email": "Lucio_Hettinger@annie.ca",
      "favorites": [
        1,
        2
      ]
    },
    {
      "id": 66,
      "name": "Mrs. Dennis Schulist",
      "username": "Leopoldo_Corkery",
      "email": "Karley_Dach@jasper.info",
      "favorites": [
        1
      ]
    },
    {
      "id": 77,
      "name": "Kurtis Weissnat",
      "username": "Elwyn.Skiles",
      "email": "Telly.Hoeger@billy.biz",
      "favorites": [
        1
      ]
    },
    {
      "id": 88,
      "name": "Nicholas Runolfsdottir V",
      "username": "Maxime_Nienow",
      "email": "Sherwood@rosamond.me",
      "favorites": [
        1
      ]
    },
    {
      "id": 99,
      "name": "Glenna Reichert",
      "username": "Delphine",
      "email": "Chaim_McDermott@dana.io",
      "favorites": [
        1
      ]
    },
    {
      "id": 101,
      "name": "Clementina DuBuque",
      "username": "Moriah.Stanton",
      "email": "Rey.Padberg@karina.biz",
      "favorites": [
        1
      ]
    }
  ]
}